00110BR;205,00 руб.;297,25
00111BR;220,00 руб.;319
00206JF;200,00 руб.;290
00207 ВВ;160,00 руб.;232
00211ВВ;440,00 руб.;638
00281МС;320,00 руб.;464
00281QB;340,00 руб.;493
00321JF;1 100,00 руб.;1595
00357JF;750,00 руб.;1087,5
00368BS;500,00 руб.;725
00374MC;460,00 руб.;667
00395JF;520,00 руб.;754
00395QB;520,00 руб.;754
00404BS;390,00 руб.;565,5
00411BS;700,00 руб.;1015
00433JF;2 000,00 руб.;2900
00494BR;220,00 руб.;319
00495BR;220,00 руб.;319
00496BR ;220,00 руб.;319
00496BRF;220,00 руб.;319
00499BR ;220,00 руб.;319
00539SV;1 400,00 руб.;2030
00544BS;500,00 руб.;725
00582BB;450,00 руб.;652,5
00584ВВ ;250,00 руб.;362,5
00605BP;600,00 руб.;870
00614QB;145,00 руб.;210,25
00616BR;110,00 руб.;159,5
00616JF;110,00 руб.;159,5
00618BR;150,00 руб.;217,5
00618JF;160,00 руб.;232
00618QB;150,00 руб.;217,5
00620JF;230,00 руб.;333,5
00658BM;600,00 руб.;870
00659BM;600,00 руб.;870
00664JF;600,00 руб.;870
00671QB;1 400,00 руб.;2030
00701QB;210,00 руб.;304,5
00702JF;300,00 руб.;435
00703JF;500,00 руб.;725
00706QB;515,00 руб.;746,75
00780JF;160,00 руб.;232
00938BH;150,00 руб.;217,5
00938JF;150,00 руб.;217,5
00948JF;160,00 руб.;232
00950 JF;1 500,00 руб.;2175
;;0
3024;135,00 руб.;195,75
3025;275,00 руб.;398,75
3026;380,00 руб.;551
3027;185,00 руб.;268,25
3033;500,00 руб.;725
3034;275,00 руб.;398,75
3036;380,00 руб.;551
3037;380,00 руб.;551
3043;575,00 руб.;833,75
3044;225,00 руб.;326,25
3061;1 250,00 руб.;1812,5
3067;1 250,00 руб.;1812,5
3073;305,00 руб.;442,25
3075;385,00 руб.;558,25
3076;135,00 руб.;195,75
3077;570,00 руб.;826,5
3116;765,00 руб.;1109,25
3122;850,00 руб.;1232,5
3123;495,00 руб.;717,75
;;0
00003;172,00 руб.;249,4
00103 ;379,00 руб.;549,55
00150;172,00 руб.;249,4
00151;215,00 руб.;311,75
00152;215,00 руб.;311,75
00153;172,00 руб.;249,4
00154;215,00 руб.;311,75
00270;407,20 руб.;590,44
00287;466,00 руб.;675,7
00309;580,00 руб.;841
00323;710,00 руб.;1029,5
00351;480,00 руб.;696
00402;339,00 руб.;491,55
00455;410,00 руб.;594,5
00456;1 350,00 руб.;1957,5
00565;799,00 руб.;1158,55
00596;172,00 руб.;249,4
00597;172,00 руб.;249,4
00620 ;649,00 руб.;941,05
00683;1 650,00 руб.;2392,5
00685;264,00 руб.;382,8
00701;252,00 руб.;365,4
00702;231,20 руб.;335,24
00707 ;619,00 руб.;897,55
00712;280,00 руб.;406
00725;579,00 руб.;839,55
00803;216,00 руб.;313,2
00804;230,00 руб.;333,5
00833;280,00 руб.;406
00855;624,00 руб.;904,8
00977;345,00 руб.;500,25
01036 ;104,00 руб.;150,8
01037;104,00 руб.;150,8
01038;104,00 руб.;150,8
01039;104,00 руб.;150,8
01061;288,00 руб.;417,6
01062;376,00 руб.;545,2
01066 ;669,00 руб.;970,05
01096 ;394,00 руб.;571,3
01116;760,00 руб.;1102
01136 ;929,00 руб.;1347,05
01156;456,00 руб.;661,2
01164;215,00 руб.;311,75
01262;990,00 руб.;1435,5
01861;240,00 руб.;348
02407;184,00 руб.;266,8
03053;1 579,00 руб.;2289,55
03066 ;649,00 руб.;941,05
03067;384,00 руб.;556,8
03068;360,00 руб.;522
03087 ;231,20 руб.;335,24
03093;416,00 руб.;603,2
03104 ;829,00 руб.;1202,05
03105 ;869,00 руб.;1260,05
03183;260,00 руб.;377
03184;260,00 руб.;377
03189;399,00 руб.;578,55
03269 ;289,00 руб.;419,05
03271;759,00 руб.;1100,55
03292 ;330,00 руб.;478,5
03297;1 519,20 руб.;2202,84
03303;416,00 руб.;603,2
03304 ;1 300,00 руб.;1885
03337;329,00 руб.;477,05
03338 ;263,20 руб.;381,64
03347 ;459,00 руб.;665,55
03397 ;1 222,40 руб.;1772,48
03402;900,00 руб.;1305
03404;490,00 руб.;710,5
03440;230,00 руб.;333,5
03459 ;260,00 руб.;377
33689;319,00 руб.;462,55
33690;319,00 руб.;462,55
33700;1 049,00 руб.;1521,05
33701 ;610,00 руб.;884,5
33726 ;1 318,00 руб.;1911,1
33745;309,00 руб.;448,05
63112;288,00 руб.;417,6
63146;159,00 руб.;230,55
63153;430,00 руб.;623,5
63154;219,00 руб.;317,55
63166;779,00 руб.;1129,55
63168;223,20 руб.;323,64
63170;223,20 руб.;323,64
68008;180,00 руб.;261
73560;288,00 руб.;417,6
73561;172,00 руб.;249,4
73565;215,00 руб.;311,75
73566;215,00 руб.;311,75
73587;181,60 руб.;263,32
73590;690,00 руб.;1000,5
73591;175,20 руб.;254,04
73598;239,00 руб.;346,55
73635;172,00 руб.;249,4
73640;172,00 руб.;249,4
73645;370,00 руб.;536,5
73646;215,00 руб.;311,75
73654;659,00 руб.;955,55
73655;370,00 руб.;536,5
73656;370,00 руб.;536,5
73658;239,00 руб.;346,55
73662;350,00 руб.;507,5
73663;165,00 руб.;239,25
73664;310,00 руб.;449,5
73665;660,00 руб.;957
73667;310,00 руб.;449,5
73668;310,00 руб.;449,5
73669;270,00 руб.;391,5
73671;690,00 руб.;1000,5
73672;650,00 руб.;942,5
73680;215,00 руб.;311,75
73681;270,00 руб.;391,5
73683;219,00 руб.;317,55
73690;1 720,00 руб.;2494
73691;319,00 руб.;462,55
73692;899,00 руб.;1303,55
73699;410,00 руб.;594,5
73704;180,00 руб.;261
73705;180,00 руб.;261
78527;375,20 руб.;544,04
78532;256,00 руб.;371,2
78544;360,00 руб.;522
78579;290,00 руб.;420,5
78596;420,00 руб.;609
78671;199,00 руб.;288,55
78672;199,00 руб.;288,55
78679;590,00 руб.;855,5
;;
;;
;;
;;
;;
;;
;;
;;
;;
;;
;;
;;
